1757175448.2015061,0.3042,0.0837,0.6094,0.0006,0.0022,Anxious,0.6094,1.0
1757175449.201705,0.3032,0.085,0.609,0.0006,0.0022,Anxious,0.609,1.0
1757175450.201674,0.3046,0.083,0.6096,0.0006,0.0022,Anxious,0.6096,1.0
1757175451.201775,0.3039,0.084,0.6093,0.0006,0.0022,Anxious,0.6093,1.0
1757175452.2017322,0.3039,0.084,0.6093,0.0006,0.0022,Anxious,0.6093,1.0
1757175453.201764,0.3039,0.084,0.6093,0.0006,0.0022,Anxious,0.6093,1.0
1757175454.2017632,0.3039,0.084,0.6093,0.0006,0.0022,Anxious,0.6093,1.0
1757175455.201912,0.305,0.0826,0.6097,0.0006,0.0021,Anxious,0.6097,1.0
1757175456.201966,0.3026,0.0859,0.6087,0.0006,0.0023,Anxious,0.6087,1.0
1757175457.202002,0.3044,0.0833,0.6095,0.0006,0.0022,Anxious,0.6095,1.0
1757175458.2020102,0.3041,0.0838,0.6094,0.0006,0.0022,Anxious,0.6094,1.0
1757175459.2019591,0.2293,0.0085,0.7619,0.0,0.0002,Anxious,0.7619,1.0
1757175460.20203,0.3033,0.083,0.6111,0.0006,0.0021,Anxious,0.6111,1.0
1757175461.202026,0.3033,0.083,0.6111,0.0006,0.0021,Anxious,0.6111,1.0
1757175462.202114,0.3033,0.083,0.6111,0.0006,0.0021,Anxious,0.6111,1.0
1757175463.2021298,0.3033,0.083,0.6111,0.0006,0.0021,Anxious,0.6111,1.0
1757175464.202079,0.3057,0.0871,0.6038,0.0007,0.0027,Anxious,0.6038,1.0
1757175465.2021751,0.3057,0.0871,0.6038,0.0007,0.0027,Anxious,0.6038,1.0
1757175466.2022738,0.3057,0.0871,0.6038,0.0007,0.0027,Anxious,0.6038,1.0
1757175467.2021542,0.3057,0.0871,0.6038,0.0007,0.0027,Anxious,0.6038,1.0
1757175468.20216,0.3057,0.0871,0.6038,0.0007,0.0027,Anxious,0.6038,1.0
1757175469.202086,0.2319,0.0089,0.759,0.0,0.0003,Anxious,0.759,1.0
1757175470.202201,0.3051,0.086,0.6056,0.0007,0.0025,Anxious,0.6056,1.0
1757175471.2022362,0.3051,0.0861,0.6056,0.0007,0.0025,Anxious,0.6056,1.0
1757175472.2022939,0.3051,0.0861,0.6056,0.0007,0.0025,Anxious,0.6056,1.0
1757175473.20227,0.3051,0.086,0.6056,0.0007,0.0025,Anxious,0.6056,1.0
1757175474.202386,0.3074,0.0902,0.5981,0.0009,0.0033,Anxious,0.5981,1.0
1757175475.2024531,0.3074,0.0902,0.5981,0.0009,0.0033,Anxious,0.5981,1.0
1757175476.202394,0.3086,0.0886,0.5987,0.0009,0.0032,Anxious,0.5987,1.0
1757175477.2023191,0.3074,0.0903,0.5981,0.0009,0.0033,Anxious,0.5981,1.0
1757175478.2023702,0.3081,0.0893,0.5984,0.0009,0.0032,Anxious,0.5984,1.0
1757175479.202241,0.3073,0.0904,0.5981,0.0009,0.0033,Anxious,0.5981,1.0
1757175480.2023,0.3081,0.0893,0.5984,0.0009,0.0032,Anxious,0.5984,1.0
1757175481.20255,0.3082,0.0892,0.5985,0.0009,0.0032,Anxious,0.5985,1.0
1757175482.201155,0.3073,0.0905,0.5981,0.0009,0.0033,Anxious,0.5981,0.8889
1757178143.981234,0.3039,0.084,0.6093,0.0006,0.0022,Anxious,0.6093,1.0
1757178144.981226,0.3039,0.0841,0.6093,0.0006,0.0022,Anxious,0.6093,1.0
1757178145.981059,0.3039,0.0841,0.6093,0.0006,0.0022,Anxious,0.6093,1.0
1757178146.981055,0.3038,0.0841,0.6093,0.0006,0.0022,Anxious,0.6093,1.0
1757178147.981056,0.3039,0.084,0.6093,0.0006,0.0022,Anxious,0.6093,1.0
1757178148.981055,0.3038,0.0841,0.6093,0.0006,0.0022,Anxious,0.6093,1.0
1757178149.981159,0.3045,0.0851,0.6074,0.0006,0.0024,Anxious,0.6074,1.0
1757178150.981077,0.3045,0.0851,0.6075,0.0006,0.0023,Anxious,0.6075,1.0
1757178151.981092,0.3045,0.0851,0.6074,0.0006,0.0024,Anxious,0.6074,1.0
1757178152.981219,0.3045,0.085,0.6075,0.0006,0.0023,Anxious,0.6075,1.0
1757178153.981143,0.3045,0.0851,0.6074,0.0006,0.0024,Anxious,0.6074,1.0
1757178154.981179,0.3057,0.0871,0.6038,0.0007,0.0027,Anxious,0.6038,1.0
1757178155.981246,0.3059,0.0868,0.6039,0.0007,0.0027,Anxious,0.6039,1.0
1757178156.981173,0.3064,0.0862,0.6041,0.0007,0.0027,Anxious,0.6041,1.0
1757178157.981158,0.3059,0.0868,0.6039,0.0007,0.0027,Anxious,0.6039,1.0
1757178158.981215,0.306,0.0867,0.6039,0.0007,0.0027,Anxious,0.6039,1.0
1757178159.9811811,0.3068,0.0893,0.6,0.0009,0.0031,Anxious,0.6,1.0
1757178160.981183,0.3068,0.0892,0.6,0.0009,0.0031,Anxious,0.6,1.0
1757178161.981169,0.3059,0.0906,0.5996,0.0009,0.0031,Anxious,0.5996,1.0
1757178162.980651,0.3082,0.0874,0.6006,0.0008,0.003,Anxious,0.6006,1.0
1757178163.981174,0.3067,0.0894,0.5999,0.0009,0.0031,Anxious,0.5999,1.0
1757178164.981287,0.3075,0.0883,0.6003,0.0009,0.003,Anxious,0.6003,1.0
1757178165.9805732,0.3062,0.0901,0.5997,0.0009,0.0031,Anxious,0.5997,1.0
1757178166.981203,0.3067,0.0894,0.6,0.0009,0.0031,Anxious,0.6,1.0
1757178167.981307,0.3069,0.0891,0.6,0.0009,0.0031,Anxious,0.6,1.0
1757178168.981195,0.3069,0.0892,0.6,0.0009,0.0031,Anxious,0.6,1.0
1757178169.9811769,0.2336,0.0091,0.757,0.0,0.0003,Anxious,0.757,1.0
1757178170.981289,0.3063,0.0881,0.6019,0.0008,0.0029,Anxious,0.6019,1.0
1757178171.980943,0.3064,0.0879,0.602,0.0008,0.0029,Anxious,0.602,0.6667
1757178975.2003,0.3057,0.0871,0.6038,0.0007,0.0027,Anxious,0.6038,1.0
1757178976.200417,0.3063,0.0881,0.6019,0.0008,0.0029,Anxious,0.6019,1.0
1757178977.200438,0.3063,0.0882,0.6019,0.0008,0.0029,Anxious,0.6019,1.0
1757178978.2000341,0.3063,0.0882,0.6019,0.0008,0.0029,Anxious,0.6019,1.0
1757178979.2004108,0.3063,0.0882,0.6019,0.0008,0.0029,Anxious,0.6019,1.0
1757178980.200201,0.3063,0.0881,0.6019,0.0008,0.0029,Anxious,0.6019,1.0
1757178981.2003798,0.3075,0.0864,0.6025,0.0008,0.0028,Anxious,0.6025,1.0
1757178982.2005801,0.3072,0.0869,0.6023,0.0008,0.0028,Anxious,0.6023,1.0
1757178983.200532,0.3048,0.0902,0.6012,0.0008,0.003,Anxious,0.6012,1.0
1757178984.2002459,0.3065,0.0879,0.602,0.0008,0.0029,Anxious,0.602,1.0
1757178985.200412,0.3064,0.088,0.602,0.0008,0.0029,Anxious,0.602,1.0
1757178986.200222,0.3073,0.0886,0.6002,0.0009,0.003,Anxious,0.6002,1.0
1757178987.2002301,0.3065,0.0897,0.5998,0.0009,0.0031,Anxious,0.5998,1.0
1757178988.199944,0.3069,0.0891,0.6,0.0009,0.0031,Anxious,0.6,1.0
1757178989.200279,0.3069,0.0892,0.6,0.0009,0.0031,Anxious,0.6,1.0
1757178990.200295,0.3069,0.0892,0.6,0.0009,0.0031,Anxious,0.6,1.0
1757178991.2002258,0.3069,0.0892,0.6,0.0009,0.0031,Anxious,0.6,1.0
1757178992.200253,0.3069,0.0892,0.6,0.0009,0.0031,Anxious,0.6,1.0
1757178993.200417,0.3069,0.0892,0.6,0.0009,0.0031,Anxious,0.6,1.0
1757178994.199959,0.3069,0.0891,0.6,0.0009,0.0031,Anxious,0.6,1.0
1757178995.200242,0.3069,0.0892,0.6,0.0009,0.0031,Anxious,0.6,1.0
1757178996.200489,0.0635,0.0,0.9365,0.0,0.0,Anxious,0.9365,1.0
1757178997.200296,0.3045,0.085,0.6075,0.0006,0.0023,Anxious,0.6075,1.0
1757178998.200243,0.3045,0.085,0.6075,0.0006,0.0023,Anxious,0.6075,1.0
1757178999.2004662,0.3045,0.085,0.6075,0.0006,0.0023,Anxious,0.6075,1.0
1757179000.199897,0.3045,0.085,0.6075,0.0006,0.0023,Anxious,0.6075,1.0
1757179001.200296,0.3046,0.085,0.6075,0.0006,0.0023,Anxious,0.6075,1.0
1757179002.200239,0.3044,0.0851,0.6074,0.0006,0.0024,Anxious,0.6074,1.0
1757179003.200294,0.3045,0.085,0.6075,0.0006,0.0023,Anxious,0.6075,1.0
1757179004.199973,0.3047,0.0848,0.6075,0.0006,0.0023,Anxious,0.6075,0.5556
1757179568.743836,0.3052,0.0878,0.6035,0.0007,0.0027,Anxious,0.6035,1.0
1757179569.7438068,0.3071,0.0889,0.6001,0.0009,0.0031,Anxious,0.6001,1.0
1757179570.7438211,0.3067,0.0894,0.6,0.0009,0.0031,Anxious,0.6,1.0
1757179571.7439241,0.3063,0.0899,0.5998,0.0009,0.0031,Anxious,0.5998,1.0
1757179572.742875,0.3067,0.0894,0.5999,0.0009,0.0031,Anxious,0.5999,1.0
1757179573.743685,0.3066,0.0895,0.5999,0.0009,0.0031,Anxious,0.5999,1.0
1757179574.743741,0.3066,0.0895,0.5999,0.0009,0.0031,Anxious,0.5999,1.0
1757179575.743658,0.3065,0.0896,0.5999,0.0009,0.0031,Anxious,0.5999,1.0
1757179576.743767,0.3066,0.0896,0.5999,0.0009,0.0031,Anxious,0.5999,1.0
1757179577.743781,0.3066,0.0896,0.5999,0.0009,0.0031,Anxious,0.5999,1.0
1757179578.743709,0.2335,0.0091,0.757,0.0,0.0003,Anxious,0.757,1.0
1757179579.743701,0.306,0.0885,0.6018,0.0008,0.0029,Anxious,0.6018,1.0
1757179580.743909,0.306,0.0885,0.6018,0.0008,0.0029,Anxious,0.6018,1.0
1757179581.743711,0.306,0.0885,0.6018,0.0008,0.0029,Anxious,0.6018,1.0
1757179582.74371,0.306,0.0885,0.6018,0.0008,0.0029,Anxious,0.6018,1.0
1757179583.7435842,0.3066,0.0896,0.5999,0.0009,0.0031,Anxious,0.5999,1.0
1757179584.743709,0.3065,0.0896,0.5999,0.0009,0.0031,Anxious,0.5999,1.0
1757179585.743703,0.3066,0.0896,0.5999,0.0009,0.0031,Anxious,0.5999,1.0
1757179586.743775,0.3066,0.0895,0.5999,0.0009,0.0031,Anxious,0.5999,1.0
1757179587.743946,0.3066,0.0896,0.5999,0.0009,0.0031,Anxious,0.5999,1.0
1757179588.7437391,0.3066,0.0895,0.5999,0.0009,0.0031,Anxious,0.5999,1.0
1757179589.743612,0.3079,0.0914,0.5962,0.001,0.0035,Anxious,0.5962,0.2778
1757179974.3695579,0.306,0.0885,0.6018,0.0008,0.0029,Anxious,0.6018,1.0
1757179975.3694139,0.2327,0.009,0.758,0.0,0.0003,Anxious,0.758,1.0
1757179976.36935,0.3057,0.0872,0.6037,0.0007,0.0027,Anxious,0.6037,1.0
1757179977.3693671,0.3064,0.0861,0.6041,0.0007,0.0026,Anxious,0.6041,1.0
1757179978.369365,0.3053,0.0876,0.6036,0.0007,0.0027,Anxious,0.6036,1.0
1757179979.369341,0.3052,0.0877,0.6036,0.0007,0.0027,Anxious,0.6036,1.0
1757179980.369388,0.3056,0.0873,0.6037,0.0007,0.0027,Anxious,0.6037,1.0
1757179981.3694181,0.3054,0.0875,0.6037,0.0007,0.0027,Anxious,0.6037,1.0
1757179982.369471,0.3053,0.0876,0.6036,0.0007,0.0027,Anxious,0.6036,1.0
1757179983.369392,0.3054,0.0875,0.6036,0.0007,0.0027,Anxious,0.6036,1.0
1757179984.369392,0.306,0.0885,0.6018,0.0008,0.0029,Anxious,0.6018,1.0
1757179985.368607,0.306,0.0886,0.6018,0.0008,0.0029,Anxious,0.6018,1.0
1757179986.369004,0.306,0.0885,0.6018,0.0008,0.0029,Anxious,0.6018,0.6667
1757180072.980259,0.303,0.0816,0.613,0.0005,0.0019,Anxious,0.613,1.0
1757180073.980257,0.3026,0.0821,0.6129,0.0005,0.0019,Anxious,0.6129,1.0
1757180074.980113,0.3026,0.0821,0.6129,0.0005,0.0019,Anxious,0.6129,1.0
1757180075.97998,0.3026,0.0821,0.6128,0.0005,0.0019,Anxious,0.6128,1.0
1757180076.980084,0.3023,0.0825,0.6128,0.0005,0.0019,Anxious,0.6128,1.0
1757180077.979992,0.3025,0.0823,0.6128,0.0005,0.0019,Anxious,0.6128,1.0
1757180078.9800658,0.3024,0.0824,0.6128,0.0005,0.0019,Anxious,0.6128,1.0
1757180079.980081,0.3025,0.0823,0.6128,0.0005,0.0019,Anxious,0.6128,1.0
1757180080.979981,0.3024,0.0824,0.6128,0.0005,0.0019,Anxious,0.6128,1.0
1757180081.979759,0.3025,0.0823,0.6128,0.0005,0.0019,Anxious,0.6128,0.2222
1757180082.979819,0.2117,0.256,0.5233,0.001,0.0081,Anxious,0.5233,0.2
1757180083.979881,0.2117,0.256,0.5233,0.001,0.0081,Anxious,0.5233,0.2
1757180084.979813,0.2117,0.256,0.5233,0.001,0.0081,Anxious,0.5233,0.2
1757180085.9797568,0.2117,0.256,0.5233,0.001,0.0081,Anxious,0.5233,0.2
1757180086.979869,0.2117,0.256,0.5233,0.001,0.0081,Anxious,0.5233,0.2
1757180087.979858,0.2117,0.256,0.5233,0.001,0.0081,Anxious,0.5233,0.2
1757180088.979879,0.2117,0.256,0.5233,0.001,0.0081,Anxious,0.5233,0.2
1757180089.97981,0.2117,0.256,0.5233,0.001,0.0081,Anxious,0.5233,0.2
1757180090.9800029,0.2117,0.256,0.5233,0.001,0.0081,Anxious,0.5233,0.2
1757180091.9797978,0.2117,0.256,0.5233,0.001,0.0081,Anxious,0.5233,0.2
1757180092.979785,0.2117,0.256,0.5233,0.001,0.0081,Anxious,0.5233,0.2
1757180093.979998,0.2117,0.256,0.5233,0.001,0.0081,Anxious,0.5233,0.2
1757180094.9797769,0.2117,0.256,0.5233,0.001,0.0081,Anxious,0.5233,0.2
1757180095.979691,0.3024,0.0824,0.6128,0.0005,0.0019,Anxious,0.6128,1.0
1757180096.273336,0.3025,0.0823,0.6128,0.0005,0.0019,Anxious,0.6128,0.4444
1757180096.9798799,0.3024,0.0824,0.6128,0.0005,0.0019,Anxious,0.6128,0.9444
1757180097.273381,0.3024,0.0824,0.6128,0.0005,0.0019,Anxious,0.6128,0.4444
1757180097.979857,0.3071,0.0907,0.598,0.0009,0.0033,Anxious,0.598,0.9444
1757180098.273581,0.3071,0.0907,0.598,0.0009,0.0033,Anxious,0.598,0.4444
1757180098.979821,0.3072,0.0906,0.598,0.0009,0.0033,Anxious,0.598,0.9444
1757180099.2734451,0.3071,0.0907,0.598,0.0009,0.0033,Anxious,0.598,0.4444
1757180099.979773,0.3071,0.0907,0.598,0.0009,0.0033,Anxious,0.598,1.0
1757180100.273539,0.3072,0.0905,0.598,0.0009,0.0033,Anxious,0.598,0.3889
1757180100.978899,0.3072,0.0906,0.598,0.0009,0.0033,Anxious,0.598,1.0
1757180101.273341,0.307,0.0908,0.5979,0.0009,0.0033,Anxious,0.5979,0.3889
1757180101.979939,0.3072,0.0906,0.598,0.0009,0.0033,Anxious,0.598,1.0
1757180102.2733521,0.3073,0.0904,0.5981,0.0009,0.0033,Anxious,0.5981,0.3889
1757180102.979495,0.3072,0.0905,0.598,0.0009,0.0033,Anxious,0.598,0.3333
1757180103.273291,0.2102,0.2754,0.4992,0.0017,0.0135,Anxious,0.4992,0.2
1757180103.979794,0.2102,0.2754,0.4992,0.0017,0.0135,Anxious,0.4992,0.2
1757180104.27331,0.2102,0.2754,0.4992,0.0017,0.0135,Anxious,0.4992,0.2
1757180104.979693,0.2102,0.2754,0.4992,0.0017,0.0135,Anxious,0.4992,0.2
1757180105.2734041,0.2102,0.2754,0.4992,0.0017,0.0135,Anxious,0.4992,0.2
1757180105.979751,0.2102,0.2754,0.4992,0.0017,0.0135,Anxious,0.4992,0.2
1757180106.273253,0.2102,0.2754,0.4992,0.0017,0.0135,Anxious,0.4992,0.2
1757180106.979634,0.2102,0.2754,0.4992,0.0017,0.0135,Anxious,0.4992,0.2
1757180107.273234,0.2102,0.2754,0.4992,0.0017,0.0135,Anxious,0.4992,0.2
1757180107.979557,0.2102,0.2754,0.4992,0.0017,0.0135,Anxious,0.4992,0.2
1757180108.273169,0.2102,0.2754,0.4992,0.0017,0.0135,Anxious,0.4992,0.2
1757180108.9794679,0.2102,0.2754,0.4992,0.0017,0.0135,Anxious,0.4992,0.2
1757180109.2731318,0.2102,0.2754,0.4992,0.0017,0.0135,Anxious,0.4992,0.2
1757180109.979292,0.2102,0.2754,0.4992,0.0017,0.0135,Anxious,0.4992,0.2
1757180110.272369,0.2102,0.2754,0.4992,0.0017,0.0135,Anxious,0.4992,0.2
1757180110.979279,0.2102,0.2754,0.4992,0.0017,0.0135,Anxious,0.4992,0.2
1757180111.2728329,0.2102,0.2754,0.4992,0.0017,0.0135,Anxious,0.4992,0.2
1757180111.979075,0.2102,0.2754,0.4992,0.0017,0.0135,Anxious,0.4992,0.2
1757180112.272665,0.2102,0.2754,0.4992,0.0017,0.0135,Anxious,0.4992,0.2
1757180112.978946,0.2102,0.2754,0.4992,0.0017,0.0135,Anxious,0.4992,0.2
1757180113.272562,0.2102,0.2754,0.4992,0.0017,0.0135,Anxious,0.4992,0.2
1757180113.978966,0.2102,0.2754,0.4992,0.0017,0.0135,Anxious,0.4992,0.2
1757180114.272462,0.2102,0.2754,0.4992,0.0017,0.0135,Anxious,0.4992,0.2
1757180114.9789128,0.2102,0.2754,0.4992,0.0017,0.0135,Anxious,0.4992,0.2
1757180115.272376,0.2102,0.2754,0.4992,0.0017,0.0135,Anxious,0.4992,0.2
1757180115.978787,0.2102,0.2754,0.4992,0.0017,0.0135,Anxious,0.4992,0.2
1757180116.2718391,0.2102,0.2754,0.4992,0.0017,0.0135,Anxious,0.4992,0.2
1757180116.978706,0.2102,0.2754,0.4992,0.0017,0.0135,Anxious,0.4992,0.2
1757180117.272142,0.2102,0.2754,0.4992,0.0017,0.0135,Anxious,0.4992,0.2
1757180117.978641,0.2102,0.2754,0.4992,0.0017,0.0135,Anxious,0.4992,0.2
1757180118.272111,0.2102,0.2754,0.4992,0.0017,0.0135,Anxious,0.4992,0.2
1757180118.978636,0.2102,0.2754,0.4992,0.0017,0.0135,Anxious,0.4992,0.2
1757180119.272163,0.2102,0.2754,0.4992,0.0017,0.0135,Anxious,0.4992,0.2
1757180119.9785109,0.2102,0.2754,0.4992,0.0017,0.0135,Anxious,0.4992,0.2
1757180120.2720861,0.2102,0.2754,0.4992,0.0017,0.0135,Anxious,0.4992,0.2
1757180120.978473,0.2102,0.2754,0.4992,0.0017,0.0135,Anxious,0.4992,0.2
1757180121.271977,0.2102,0.2754,0.4992,0.0017,0.0135,Anxious,0.4992,0.2
1757180121.978384,0.2102,0.2754,0.4992,0.0017,0.0135,Anxious,0.4992,0.2
1757180122.271982,0.2102,0.2754,0.4992,0.0017,0.0135,Anxious,0.4992,0.2
1757180122.978434,0.2102,0.2754,0.4992,0.0017,0.0135,Anxious,0.4992,0.2
1757180123.271916,0.2102,0.2754,0.4992,0.0017,0.0135,Anxious,0.4992,0.2
1757180123.978337,0.2102,0.2754,0.4992,0.0017,0.0135,Anxious,0.4992,0.2
1757180124.271968,0.2102,0.2754,0.4992,0.0017,0.0135,Anxious,0.4992,0.2
1757180124.97822,0.2102,0.2754,0.4992,0.0017,0.0135,Anxious,0.4992,0.2
1757180125.271799,0.2102,0.2754,0.4992,0.0017,0.0135,Anxious,0.4992,0.2
1757180125.9781752,0.2102,0.2754,0.4992,0.0017,0.0135,Anxious,0.4992,0.2
1757180126.2708359,0.2102,0.2754,0.4992,0.0017,0.0135,Anxious,0.4992,0.2
1757180126.978302,0.2102,0.2754,0.4992,0.0017,0.0135,Anxious,0.4992,0.2
1757180127.271774,0.2102,0.2754,0.4992,0.0017,0.0135,Anxious,0.4992,0.2
1757180127.978138,0.2102,0.2754,0.4992,0.0017,0.0135,Anxious,0.4992,0.2
1757180128.2717671,0.2102,0.2754,0.4992,0.0017,0.0135,Anxious,0.4992,0.2
1757180128.978135,0.2102,0.2754,0.4992,0.0017,0.0135,Anxious,0.4992,0.2
1757180129.2717109,0.2102,0.2754,0.4992,0.0017,0.0135,Anxious,0.4992,0.2
1757180129.9781132,0.2102,0.2754,0.4992,0.0017,0.0135,Anxious,0.4992,0.2
1757180130.271683,0.2102,0.2754,0.4992,0.0017,0.0135,Anxious,0.4992,0.2
1757180130.978059,0.2102,0.2754,0.4992,0.0017,0.0135,Anxious,0.4992,0.2
1757180131.2717571,0.2102,0.2754,0.4992,0.0017,0.0135,Anxious,0.4992,0.2
1757180131.978004,0.2102,0.2754,0.4992,0.0017,0.0135,Anxious,0.4992,0.2
1757180132.271669,0.2102,0.2754,0.4992,0.0017,0.0135,Anxious,0.4992,0.2
1757180132.977979,0.2102,0.2754,0.4992,0.0017,0.0135,Anxious,0.4992,0.2
1757180133.2716541,0.2102,0.2754,0.4992,0.0017,0.0135,Anxious,0.4992,0.2
1757180133.97791,0.2102,0.2754,0.4992,0.0017,0.0135,Anxious,0.4992,0.2
1757180134.2715812,0.2102,0.2754,0.4992,0.0017,0.0135,Anxious,0.4992,0.2
1757180134.9778829,0.2102,0.2754,0.4992,0.0017,0.0135,Anxious,0.4992,0.2
1757180135.271563,0.2102,0.2754,0.4992,0.0017,0.0135,Anxious,0.4992,0.2
1757180135.977912,0.2102,0.2754,0.4992,0.0017,0.0135,Anxious,0.4992,0.2
1757180136.271519,0.2102,0.2754,0.4992,0.0017,0.0135,Anxious,0.4992,0.2
1757180136.977861,0.2102,0.2754,0.4992,0.0017,0.0135,Anxious,0.4992,0.2
1757180137.271482,0.2102,0.2754,0.4992,0.0017,0.0135,Anxious,0.4992,0.2
1757180137.9780688,0.2102,0.2754,0.4992,0.0017,0.0135,Anxious,0.4992,0.2
1757180138.271515,0.2102,0.2754,0.4992,0.0017,0.0135,Anxious,0.4992,0.2
1757180138.9779248,0.2102,0.2754,0.4992,0.0017,0.0135,Anxious,0.4992,0.2
1757180139.2707062,0.2102,0.2754,0.4992,0.0017,0.0135,Anxious,0.4992,0.2
1757180139.977865,0.2102,0.2754,0.4992,0.0017,0.0135,Anxious,0.4992,0.2
1757180140.27157,0.2102,0.2754,0.4992,0.0017,0.0135,Anxious,0.4992,0.2
1757180140.977905,0.2102,0.2754,0.4992,0.0017,0.0135,Anxious,0.4992,0.2
1757180141.271424,0.2102,0.2754,0.4992,0.0017,0.0135,Anxious,0.4992,0.2
1757180141.977869,0.2102,0.2754,0.4992,0.0017,0.0135,Anxious,0.4992,0.2
1757180142.271473,0.2102,0.2754,0.4992,0.0017,0.0135,Anxious,0.4992,0.2
1757180142.9778461,0.2102,0.2754,0.4992,0.0017,0.0135,Anxious,0.4992,0.2
1757180143.271415,0.2102,0.2754,0.4992,0.0017,0.0135,Anxious,0.4992,0.2
1757180143.977934,0.2102,0.2754,0.4992,0.0017,0.0135,Anxious,0.4992,0.2
1757180144.271412,0.2102,0.2754,0.4992,0.0017,0.0135,Anxious,0.4992,0.2
1757180144.977809,0.2102,0.2754,0.4992,0.0017,0.0135,Anxious,0.4992,0.2
1757180145.2715611,0.2102,0.2754,0.4992,0.0017,0.0135,Anxious,0.4992,0.2
1757180145.9778,0.2102,0.2754,0.4992,0.0017,0.0135,Anxious,0.4992,0.2
1757180146.271414,0.2102,0.2754,0.4992,0.0017,0.0135,Anxious,0.4992,0.2
1757180146.97782,0.2102,0.2754,0.4992,0.0017,0.0135,Anxious,0.4992,0.2
1757180147.271364,0.2102,0.2754,0.4992,0.0017,0.0135,Anxious,0.4992,0.2
1757180147.977757,0.2102,0.2754,0.4992,0.0017,0.0135,Anxious,0.4992,0.2
1757180148.271239,0.2102,0.2754,0.4992,0.0017,0.0135,Anxious,0.4992,0.2
1757180148.977978,0.2102,0.2754,0.4992,0.0017,0.0135,Anxious,0.4992,0.2
1757180149.271321,0.2102,0.2754,0.4992,0.0017,0.0135,Anxious,0.4992,0.2
1757180149.9777288,0.2102,0.2754,0.4992,0.0017,0.0135,Anxious,0.4992,0.2
1757180150.271329,0.2102,0.2754,0.4992,0.0017,0.0135,Anxious,0.4992,0.2
1757180150.977838,0.2102,0.2754,0.4992,0.0017,0.0135,Anxious,0.4992,0.2
1757180151.271306,0.2102,0.2754,0.4992,0.0017,0.0135,Anxious,0.4992,0.2
1757180151.977727,0.2102,0.2754,0.4992,0.0017,0.0135,Anxious,0.4992,0.2
1757180152.271295,0.2102,0.2754,0.4992,0.0017,0.0135,Anxious,0.4992,0.2
1757180152.977701,0.2102,0.2754,0.4992,0.0017,0.0135,Anxious,0.4992,0.2
1757180153.271261,0.2102,0.2754,0.4992,0.0017,0.0135,Anxious,0.4992,0.2
1757180153.977673,0.2102,0.2754,0.4992,0.0017,0.0135,Anxious,0.4992,0.2
1757180154.2708259,0.2102,0.2754,0.4992,0.0017,0.0135,Anxious,0.4992,0.2
1757180154.977697,0.2102,0.2754,0.4992,0.0017,0.0135,Anxious,0.4992,0.2
1757180155.271353,0.2102,0.2754,0.4992,0.0017,0.0135,Anxious,0.4992,0.2
1757180155.977673,0.2102,0.2754,0.4992,0.0017,0.0135,Anxious,0.4992,0.2
1757180156.27139,0.2102,0.2754,0.4992,0.0017,0.0135,Anxious,0.4992,0.2
1757180156.9776459,0.2102,0.2754,0.4992,0.0017,0.0135,Anxious,0.4992,0.2
1757180157.2813091,0.2102,0.2754,0.4992,0.0017,0.0135,Anxious,0.4992,0.2
1757180157.2813091,0.2102,0.2754,0.4992,0.0017,0.0135,Anxious,0.4992,0.2
1757180157.977637,0.2102,0.2754,0.4992,0.0017,0.0135,Anxious,0.4992,0.2
1757180158.272732,0.2102,0.2754,0.4992,0.0017,0.0135,Anxious,0.4992,0.2
1757180158.9779801,0.2102,0.2754,0.4992,0.0017,0.0135,Anxious,0.4992,0.2
1757180159.2740622,0.2102,0.2754,0.4992,0.0017,0.0135,Anxious,0.4992,0.2
1757180159.97829,0.2102,0.2754,0.4992,0.0017,0.0135,Anxious,0.4992,0.2
1757180160.276434,0.2102,0.2754,0.4992,0.0017,0.0135,Anxious,0.4992,0.2
1757180160.981812,0.2102,0.2754,0.4992,0.0017,0.0135,Anxious,0.4992,0.2
1757180161.274452,0.2102,0.2754,0.4992,0.0017,0.0135,Anxious,0.4992,0.2
1757180161.9818358,0.2102,0.2754,0.4992,0.0017,0.0135,Anxious,0.4992,0.2
1757180162.2779012,0.2102,0.2754,0.4992,0.0017,0.0135,Anxious,0.4992,0.2
1757180162.9786801,0.2102,0.2754,0.4992,0.0017,0.0135,Anxious,0.4992,0.2
1757180163.2751741,0.2102,0.2754,0.4992,0.0017,0.0135,Anxious,0.4992,0.2
1757180163.980645,0.2102,0.2754,0.4992,0.0017,0.0135,Anxious,0.4992,0.2
1757180164.27533,0.2102,0.2754,0.4992,0.0017,0.0135,Anxious,0.4992,0.2
1757180164.980465,0.2102,0.2754,0.4992,0.0017,0.0135,Anxious,0.4992,0.2
1757180165.2754002,0.2102,0.2754,0.4992,0.0017,0.0135,Anxious,0.4992,0.2
1757180165.984375,0.2102,0.2754,0.4992,0.0017,0.0135,Anxious,0.4992,0.2
1757180166.275692,0.2102,0.2754,0.4992,0.0017,0.0135,Anxious,0.4992,0.2
1757180166.9804611,0.2102,0.2754,0.4992,0.0017,0.0135,Anxious,0.4992,0.2
1757180167.2754931,0.2102,0.2754,0.4992,0.0017,0.0135,Anxious,0.4992,0.2
1757180167.9816132,0.2102,0.2754,0.4992,0.0017,0.0135,Anxious,0.4992,0.2
1757180168.275206,0.2102,0.2754,0.4992,0.0017,0.0135,Anxious,0.4992,0.2
1757180168.981567,0.2102,0.2754,0.4992,0.0017,0.0135,Anxious,0.4992,0.2
1757180169.275475,0.2102,0.2754,0.4992,0.0017,0.0135,Anxious,0.4992,0.2
1757180169.9818711,0.2102,0.2754,0.4992,0.0017,0.0135,Anxious,0.4992,0.2
1757180170.273356,0.2102,0.2754,0.4992,0.0017,0.0135,Anxious,0.4992,0.2
1757180170.981618,0.2102,0.2754,0.4992,0.0017,0.0135,Anxious,0.4992,0.2
1757180171.270527,0.2102,0.2754,0.4992,0.0017,0.0135,Anxious,0.4992,0.2
1757180171.981812,0.2102,0.2754,0.4992,0.0017,0.0135,Anxious,0.4992,0.2
1757180172.271724,0.2102,0.2754,0.4992,0.0017,0.0135,Anxious,0.4992,0.2
1757180172.9819221,0.2102,0.2754,0.4992,0.0017,0.0135,Anxious,0.4992,0.2
1757180173.273189,0.2102,0.2754,0.4992,0.0017,0.0135,Anxious,0.4992,0.2
1757180173.979558,0.2102,0.2754,0.4992,0.0017,0.0135,Anxious,0.4992,0.2
1757180174.274397,0.2102,0.2754,0.4992,0.0017,0.0135,Anxious,0.4992,0.2
1757180174.9786491,0.2102,0.2754,0.4992,0.0017,0.0135,Anxious,0.4992,0.2
1757180175.276215,0.2102,0.2754,0.4992,0.0017,0.0135,Anxious,0.4992,0.2
1757180175.982846,0.2102,0.2754,0.4992,0.0017,0.0135,Anxious,0.4992,0.2
1757180176.276101,0.2102,0.2754,0.4992,0.0017,0.0135,Anxious,0.4992,0.2
1757180176.977638,0.2102,0.2754,0.4992,0.0017,0.0135,Anxious,0.4992,0.2
1757180177.2779121,0.2102,0.2754,0.4992,0.0017,0.0135,Anxious,0.4992,0.2
1757180177.9782438,0.2102,0.2754,0.4992,0.0017,0.0135,Anxious,0.4992,0.2
1757180178.275399,0.2102,0.2754,0.4992,0.0017,0.0135,Anxious,0.4992,0.2
1757180178.980688,0.2102,0.2754,0.4992,0.0017,0.0135,Anxious,0.4992,0.2
1757180179.275107,0.2102,0.2754,0.4992,0.0017,0.0135,Anxious,0.4992,0.2
1757180179.980803,0.2102,0.2754,0.4992,0.0017,0.0135,Anxious,0.4992,0.2
1757180180.275457,0.2102,0.2754,0.4992,0.0017,0.0135,Anxious,0.4992,0.2
1757180180.981066,0.2102,0.2754,0.4992,0.0017,0.0135,Anxious,0.4992,0.2
1757180181.2754688,0.2102,0.2754,0.4992,0.0017,0.0135,Anxious,0.4992,0.2
1757180181.9856958,0.2102,0.2754,0.4992,0.0017,0.0135,Anxious,0.4992,0.2
1757180182.287967,0.2102,0.2754,0.4992,0.0017,0.0135,Anxious,0.4992,0.2
1757180182.986614,0.2102,0.2754,0.4992,0.0017,0.0135,Anxious,0.4992,0.2
1757180183.2742128,0.2102,0.2754,0.4992,0.0017,0.0135,Anxious,0.4992,0.2
1757180183.981701,0.2102,0.2754,0.4992,0.0017,0.0135,Anxious,0.4992,0.2
1757180184.275347,0.2102,0.2754,0.4992,0.0017,0.0135,Anxious,0.4992,0.2
1757180184.9818192,0.2102,0.2754,0.4992,0.0017,0.0135,Anxious,0.4992,0.2
1757180185.274008,0.2102,0.2754,0.4992,0.0017,0.0135,Anxious,0.4992,0.2
1757180185.981689,0.2102,0.2754,0.4992,0.0017,0.0135,Anxious,0.4992,0.2
1757180186.2712932,0.2102,0.2754,0.4992,0.0017,0.0135,Anxious,0.4992,0.2
1757180186.978447,0.2102,0.2754,0.4992,0.0017,0.0135,Anxious,0.4992,0.2
1757180187.273,0.2102,0.2754,0.4992,0.0017,0.0135,Anxious,0.4992,0.2
1757180187.981947,0.2102,0.2754,0.4992,0.0017,0.0135,Anxious,0.4992,0.2
1757180188.273676,0.2102,0.2754,0.4992,0.0017,0.0135,Anxious,0.4992,0.2
1757180188.981705,0.2102,0.2754,0.4992,0.0017,0.0135,Anxious,0.4992,0.2
1757180189.275103,0.2102,0.2754,0.4992,0.0017,0.0135,Anxious,0.4992,0.2
1757180189.9825258,0.2102,0.2754,0.4992,0.0017,0.0135,Anxious,0.4992,0.2
1757180190.27585,0.2102,0.2754,0.4992,0.0017,0.0135,Anxious,0.4992,0.2
1757180190.98262,0.2102,0.2754,0.4992,0.0017,0.0135,Anxious,0.4992,0.2
1757180191.277065,0.2102,0.2754,0.4992,0.0017,0.0135,Anxious,0.4992,0.2
1757180191.9780788,0.2102,0.2754,0.4992,0.0017,0.0135,Anxious,0.4992,0.2
1757180192.271864,0.2102,0.2754,0.4992,0.0017,0.0135,Anxious,0.4992,0.2
1757180192.979216,0.2102,0.2754,0.4992,0.0017,0.0135,Anxious,0.4992,0.2
1757180193.273108,0.2102,0.2754,0.4992,0.0017,0.0135,Anxious,0.4992,0.2
1757180193.9798899,0.2102,0.2754,0.4992,0.0017,0.0135,Anxious,0.4992,0.2
1757180194.2753959,0.2102,0.2754,0.4992,0.0017,0.0135,Anxious,0.4992,0.2
1757180194.981978,0.2102,0.2754,0.4992,0.0017,0.0135,Anxious,0.4992,0.2
1757180195.270514,0.2102,0.2754,0.4992,0.0017,0.0135,Anxious,0.4992,0.2
1757180195.980194,0.2102,0.2754,0.4992,0.0017,0.0135,Anxious,0.4992,0.2
1757180196.270317,0.2102,0.2754,0.4992,0.0017,0.0135,Anxious,0.4992,0.2
1757180196.981417,0.2102,0.2754,0.4992,0.0017,0.0135,Anxious,0.4992,0.2
1757180197.271463,0.2102,0.2754,0.4992,0.0017,0.0135,Anxious,0.4992,0.2
1757180197.989172,0.2102,0.2754,0.4992,0.0017,0.0135,Anxious,0.4992,0.2
1757180198.2727761,0.2102,0.2754,0.4992,0.0017,0.0135,Anxious,0.4992,0.2
1757180198.98153,0.2102,0.2754,0.4992,0.0017,0.0135,Anxious,0.4992,0.2
1757180199.271802,0.2102,0.2754,0.4992,0.0017,0.0135,Anxious,0.4992,0.2
1757180199.981525,0.2102,0.2754,0.4992,0.0017,0.0135,Anxious,0.4992,0.2
1757180200.2726269,0.2102,0.2754,0.4992,0.0017,0.0135,Anxious,0.4992,0.2
1757180200.981919,0.2102,0.2754,0.4992,0.0017,0.0135,Anxious,0.4992,0.2
1757180201.271439,0.2102,0.2754,0.4992,0.0017,0.0135,Anxious,0.4992,0.2
1757180201.9778628,0.2102,0.2754,0.4992,0.0017,0.0135,Anxious,0.4992,0.2
1757180202.273615,0.2102,0.2754,0.4992,0.0017,0.0135,Anxious,0.4992,0.2
1757180202.9816031,0.2102,0.2754,0.4992,0.0017,0.0135,Anxious,0.4992,0.2
1757180203.275923,0.2102,0.2754,0.4992,0.0017,0.0135,Anxious,0.4992,0.2
1757180203.981632,0.2102,0.2754,0.4992,0.0017,0.0135,Anxious,0.4992,0.2
1757180204.276027,0.2102,0.2754,0.4992,0.0017,0.0135,Anxious,0.4992,0.2
1757180204.978776,0.2102,0.2754,0.4992,0.0017,0.0135,Anxious,0.4992,0.2
1757180205.2795339,0.2102,0.2754,0.4992,0.0017,0.0135,Anxious,0.4992,0.2
1757180205.977727,0.2102,0.2754,0.4992,0.0017,0.0135,Anxious,0.4992,0.2
1757180206.27684,0.2102,0.2754,0.4992,0.0017,0.0135,Anxious,0.4992,0.2
1757180206.978766,0.2102,0.2754,0.4992,0.0017,0.0135,Anxious,0.4992,0.2
1757180207.2709742,0.2102,0.2754,0.4992,0.0017,0.0135,Anxious,0.4992,0.2
1757180207.979502,0.2102,0.2754,0.4992,0.0017,0.0135,Anxious,0.4992,0.2
1757180208.274353,0.2102,0.2754,0.4992,0.0017,0.0135,Anxious,0.4992,0.2
1757180208.981092,0.2102,0.2754,0.4992,0.0017,0.0135,Anxious,0.4992,0.2
1757180209.2754421,0.2102,0.2754,0.4992,0.0017,0.0135,Anxious,0.4992,0.2
1757180209.984476,0.2102,0.2754,0.4992,0.0017,0.0135,Anxious,0.4992,0.2
1757180210.270905,0.2102,0.2754,0.4992,0.0017,0.0135,Anxious,0.4992,0.2
1757180210.9806361,0.2102,0.2754,0.4992,0.0017,0.0135,Anxious,0.4992,0.2
1757180211.273051,0.2102,0.2754,0.4992,0.0017,0.0135,Anxious,0.4992,0.2
1757180211.981083,0.2102,0.2754,0.4992,0.0017,0.0135,Anxious,0.4992,0.2
1757180212.275111,0.2102,0.2754,0.4992,0.0017,0.0135,Anxious,0.4992,0.2
1757180212.9792728,0.2102,0.2754,0.4992,0.0017,0.0135,Anxious,0.4992,0.2
1757180213.27546,0.2102,0.2754,0.4992,0.0017,0.0135,Anxious,0.4992,0.2
1757180213.979106,0.2102,0.2754,0.4992,0.0017,0.0135,Anxious,0.4992,0.2
1757180214.275214,0.2102,0.2754,0.4992,0.0017,0.0135,Anxious,0.4992,0.2
1757180214.981503,0.2102,0.2754,0.4992,0.0017,0.0135,Anxious,0.4992,0.2
1757180215.2718868,0.2102,0.2754,0.4992,0.0017,0.0135,Anxious,0.4992,0.2
1757180215.981804,0.2102,0.2754,0.4992,0.0017,0.0135,Anxious,0.4992,0.2
1757180216.272708,0.2102,0.2754,0.4992,0.0017,0.0135,Anxious,0.4992,0.2
1757180216.981966,0.2102,0.2754,0.4992,0.0017,0.0135,Anxious,0.4992,0.2
1757180217.275412,0.2102,0.2754,0.4992,0.0017,0.0135,Anxious,0.4992,0.2
1757180217.979496,0.2102,0.2754,0.4992,0.0017,0.0135,Anxious,0.4992,0.2
1757180218.274858,0.2102,0.2754,0.4992,0.0017,0.0135,Anxious,0.4992,0.2
1757180218.981511,0.2102,0.2754,0.4992,0.0017,0.0135,Anxious,0.4992,0.2
1757180219.281286,0.2102,0.2754,0.4992,0.0017,0.0135,Anxious,0.4992,0.2
1757180219.981515,0.2102,0.2754,0.4992,0.0017,0.0135,Anxious,0.4992,0.2
1757180220.276925,0.2102,0.2754,0.4992,0.0017,0.0135,Anxious,0.4992,0.2
1757180220.9779491,0.2102,0.2754,0.4992,0.0017,0.0135,Anxious,0.4992,0.2
1757180221.279241,0.2102,0.2754,0.4992,0.0017,0.0135,Anxious,0.4992,0.2
1757180221.9784899,0.2102,0.2754,0.4992,0.0017,0.0135,Anxious,0.4992,0.2
1757180222.273248,0.2102,0.2754,0.4992,0.0017,0.0135,Anxious,0.4992,0.2
1757180222.979577,0.2102,0.2754,0.4992,0.0017,0.0135,Anxious,0.4992,0.2
1757180223.275134,0.2102,0.2754,0.4992,0.0017,0.0135,Anxious,0.4992,0.2
1757180223.9816232,0.2102,0.2754,0.4992,0.0017,0.0135,Anxious,0.4992,0.2
1757180224.272131,0.2102,0.2754,0.4992,0.0017,0.0135,Anxious,0.4992,0.2
1757180224.979948,0.2102,0.2754,0.4992,0.0017,0.0135,Anxious,0.4992,0.2
1757180225.275054,0.2102,0.2754,0.4992,0.0017,0.0135,Anxious,0.4992,0.2
1757180225.9811049,0.2102,0.2754,0.4992,0.0017,0.0135,Anxious,0.4992,0.2
1757180226.271885,0.2102,0.2754,0.4992,0.0017,0.0135,Anxious,0.4992,0.2
1757180226.979758,0.2102,0.2754,0.4992,0.0017,0.0135,Anxious,0.4992,0.2
1757180227.2718968,0.2102,0.2754,0.4992,0.0017,0.0135,Anxious,0.4992,0.2
1757180227.9814548,0.2102,0.2754,0.4992,0.0017,0.0135,Anxious,0.4992,0.2
1757180228.9814591,0.2102,0.2754,0.4992,0.0017,0.0135,Anxious,0.4992,0.2
1757180229.2744431,0.2102,0.2754,0.4992,0.0017,0.0135,Anxious,0.4992,0.2
1757180228.2750769,0.2102,0.2754,0.4992,0.0017,0.0135,Anxious,0.4992,0.2
1757180229.983986,0.2102,0.2754,0.4992,0.0017,0.0135,Anxious,0.4992,0.2
1757180230.2716022,0.2102,0.2754,0.4992,0.0017,0.0135,Anxious,0.4992,0.2
1757180230.981998,0.2102,0.2754,0.4992,0.0017,0.0135,Anxious,0.4992,0.2
1757180231.273676,0.2102,0.2754,0.4992,0.0017,0.0135,Anxious,0.4992,0.2
1757180231.981598,0.2102,0.2754,0.4992,0.0017,0.0135,Anxious,0.4992,0.2
1757180232.273608,0.2102,0.2754,0.4992,0.0017,0.0135,Anxious,0.4992,0.2
1757180232.979056,0.2102,0.2754,0.4992,0.0017,0.0135,Anxious,0.4992,0.2
1757180233.2759,0.2102,0.2754,0.4992,0.0017,0.0135,Anxious,0.4992,0.2
1757180233.981676,0.2102,0.2754,0.4992,0.0017,0.0135,Anxious,0.4992,0.2
1757180234.276108,0.2102,0.2754,0.4992,0.0017,0.0135,Anxious,0.4992,0.2
1757180234.9786649,0.2102,0.2754,0.4992,0.0017,0.0135,Anxious,0.4992,0.2
1757180235.280023,0.2102,0.2754,0.4992,0.0017,0.0135,Anxious,0.4992,0.2
1757180235.977741,0.2102,0.2754,0.4992,0.0017,0.0135,Anxious,0.4992,0.2
1757180236.275159,0.2102,0.2754,0.4992,0.0017,0.0135,Anxious,0.4992,0.2
1757180236.978908,0.2102,0.2754,0.4992,0.0017,0.0135,Anxious,0.4992,0.2
1757180237.275237,0.2102,0.2754,0.4992,0.0017,0.0135,Anxious,0.4992,0.2
1757180237.9806309,0.2102,0.2754,0.4992,0.0017,0.0135,Anxious,0.4992,0.2
1757180238.2731361,0.2102,0.2754,0.4992,0.0017,0.0135,Anxious,0.4992,0.2
1757180238.9814801,0.2102,0.2754,0.4992,0.0017,0.0135,Anxious,0.4992,0.2
1757180239.2702131,0.2102,0.2754,0.4992,0.0017,0.0135,Anxious,0.4992,0.2
1757180239.980288,0.2102,0.2754,0.4992,0.0017,0.0135,Anxious,0.4992,0.2
1757180240.275104,0.2102,0.2754,0.4992,0.0017,0.0135,Anxious,0.4992,0.2
1757180240.98384,0.2102,0.2754,0.4992,0.0017,0.0135,Anxious,0.4992,0.2
1757180241.275496,0.2102,0.2754,0.4992,0.0017,0.0135,Anxious,0.4992,0.2
1757180241.981832,0.2102,0.2754,0.4992,0.0017,0.0135,Anxious,0.4992,0.2
1757180242.27768,0.2102,0.2754,0.4992,0.0017,0.0135,Anxious,0.4992,0.2
1757180242.981215,0.2102,0.2754,0.4992,0.0017,0.0135,Anxious,0.4992,0.2
1757180243.274969,0.2102,0.2754,0.4992,0.0017,0.0135,Anxious,0.4992,0.2
1757180243.981453,0.2102,0.2754,0.4992,0.0017,0.0135,Anxious,0.4992,0.2
1757180244.2713861,0.2102,0.2754,0.4992,0.0017,0.0135,Anxious,0.4992,0.2
1757180244.981758,0.2102,0.2754,0.4992,0.0017,0.0135,Anxious,0.4992,0.2
1757180245.2729201,0.2102,0.2754,0.4992,0.0017,0.0135,Anxious,0.4992,0.2
1757180245.9834828,0.2102,0.2754,0.4992,0.0017,0.0135,Anxious,0.4992,0.2
1757180246.273274,0.2102,0.2754,0.4992,0.0017,0.0135,Anxious,0.4992,0.2
1757180246.977611,0.2102,0.2754,0.4992,0.0017,0.0135,Anxious,0.4992,0.2
1757180247.275341,0.2102,0.2754,0.4992,0.0017,0.0135,Anxious,0.4992,0.2
1757180247.980475,0.2102,0.2754,0.4992,0.0017,0.0135,Anxious,0.4992,0.2
1757180248.273306,0.2102,0.2754,0.4992,0.0017,0.0135,Anxious,0.4992,0.2
1757180248.978771,0.2102,0.2754,0.4992,0.0017,0.0135,Anxious,0.4992,0.2
1757180249.275857,0.2102,0.2754,0.4992,0.0017,0.0135,Anxious,0.4992,0.2
1757180249.9770842,0.2102,0.2754,0.4992,0.0017,0.0135,Anxious,0.4992,0.2
1757180250.273263,0.2102,0.2754,0.4992,0.0017,0.0135,Anxious,0.4992,0.2
1757180250.978553,0.2102,0.2754,0.4992,0.0017,0.0135,Anxious,0.4992,0.2
1757180251.2752151,0.2102,0.2754,0.4992,0.0017,0.0135,Anxious,0.4992,0.2
1757180251.9793038,0.2102,0.2754,0.4992,0.0017,0.0135,Anxious,0.4992,0.2
1757180252.275337,0.2102,0.2754,0.4992,0.0017,0.0135,Anxious,0.4992,0.2
1757180252.980694,0.2102,0.2754,0.4992,0.0017,0.0135,Anxious,0.4992,0.2
1757180253.275146,0.2102,0.2754,0.4992,0.0017,0.0135,Anxious,0.4992,0.2
1757180253.981745,0.2102,0.2754,0.4992,0.0017,0.0135,Anxious,0.4992,0.2
1757180254.2751179,0.2102,0.2754,0.4992,0.0017,0.0135,Anxious,0.4992,0.2
1757180254.980674,0.2102,0.2754,0.4992,0.0017,0.0135,Anxious,0.4992,0.2
1757180255.27511,0.2102,0.2754,0.4992,0.0017,0.0135,Anxious,0.4992,0.2
1757180255.978322,0.2102,0.2754,0.4992,0.0017,0.0135,Anxious,0.4992,0.2
1757180256.276085,0.2102,0.2754,0.4992,0.0017,0.0135,Anxious,0.4992,0.2
1757180256.9813619,0.2102,0.2754,0.4992,0.0017,0.0135,Anxious,0.4992,0.2
1757180335.0630999,0.3043,0.0853,0.6074,0.0006,0.0024,Anxious,0.6074,1.0
1757180336.064326,0.3048,0.0864,0.6055,0.0007,0.0025,Anxious,0.6055,1.0
1757180337.063088,0.305,0.0862,0.6056,0.0007,0.0025,Anxious,0.6056,1.0
1757180338.06302,0.3046,0.0867,0.6054,0.0007,0.0025,Anxious,0.6054,1.0
1757180339.062995,0.3048,0.0864,0.6055,0.0007,0.0025,Anxious,0.6055,1.0
1757180345.6239672,0.3048,0.0865,0.6055,0.0007,0.0025,Anxious,0.6055,1.0
1757180346.624557,0.0626,0.0,0.9374,0.0,0.0,Anxious,0.9374,1.0
1757180347.6240501,0.3024,0.0824,0.6128,0.0005,0.0019,Anxious,0.6128,1.0
1757180348.62402,0.3024,0.0823,0.6128,0.0005,0.0019,Anxious,0.6128,1.0
1757180349.624858,0.3024,0.0823,0.6128,0.0005,0.0019,Anxious,0.6128,1.0
1757180350.6248379,0.3024,0.0824,0.6128,0.0005,0.0019,Anxious,0.6128,1.0
1757180351.62479,0.3036,0.0844,0.6092,0.0006,0.0022,Anxious,0.6092,1.0
1757180352.6248178,0.3036,0.0844,0.6092,0.0006,0.0022,Anxious,0.6092,1.0
1757180353.624848,0.3037,0.0843,0.6092,0.0006,0.0022,Anxious,0.6092,1.0
1757180354.624885,0.3037,0.0843,0.6092,0.0006,0.0022,Anxious,0.6092,1.0
1757180355.624829,0.3036,0.0844,0.6092,0.0006,0.0022,Anxious,0.6092,1.0
1757180478.895478,0.3007,0.0792,0.6182,0.0004,0.0016,Anxious,0.6182,1.0
1757180479.895534,0.3018,0.0813,0.6146,0.0005,0.0018,Anxious,0.6146,1.0
1757180480.8953161,0.3018,0.0814,0.6146,0.0005,0.0018,Anxious,0.6146,1.0
1757180481.895368,0.302,0.0811,0.6146,0.0005,0.0018,Anxious,0.6146,1.0
1757180482.8953428,0.3022,0.0808,0.6147,0.0005,0.0018,Anxious,0.6147,1.0
1757180483.895365,0.302,0.0811,0.6146,0.0005,0.0018,Anxious,0.6146,1.0
1757180484.89536,0.3029,0.0835,0.6109,0.0006,0.0021,Anxious,0.6109,1.0
1757180485.895498,0.3032,0.0832,0.611,0.0006,0.0021,Anxious,0.611,1.0
1757180486.895259,0.3032,0.0832,0.611,0.0006,0.0021,Anxious,0.611,1.0
1757180487.895405,0.3031,0.0832,0.611,0.0006,0.0021,Anxious,0.611,1.0
1757180488.895329,0.303,0.0833,0.611,0.0006,0.0021,Anxious,0.611,1.0
1757230716.4749532,0.3034,0.0847,0.6091,0.0006,0.0022,Anxious,0.6091,1.0
1757230717.474237,0.3052,0.0822,0.6098,0.0006,0.0021,Anxious,0.6098,1.0
1757230718.474278,0.3036,0.0844,0.6092,0.0006,0.0022,Anxious,0.6092,1.0
1757230719.4742699,0.3038,0.0842,0.6092,0.0006,0.0022,Anxious,0.6092,1.0
1757230721.474195,0.3037,0.0843,0.6092,0.0006,0.0022,Anxious,0.6092,1.0
1757230720.474235,0.3036,0.0844,0.6092,0.0006,0.0022,Anxious,0.6092,1.0
1757230722.47421,0.3037,0.0843,0.6092,0.0006,0.0022,Anxious,0.6092,1.0
1757230723.4741821,0.0053,0.0,0.9947,0.0,0.0,Anxious,0.9947,1.0
1757230724.4742,0.2979,0.0755,0.625,0.0003,0.0012,Anxious,0.625,1.0
1757230725.474179,0.2978,0.0756,0.625,0.0003,0.0012,Anxious,0.625,1.0
1757230726.474252,0.2979,0.0755,0.625,0.0003,0.0012,Anxious,0.625,1.0
1757245164.2801871,0.0,0.0,0.0,0.0,1.0,Calm,1.0,1.0
1757245165.2796469,0.0,0.0,0.0,0.0,1.0,Calm,1.0,1.0
1757245166.279731,0.0,0.0,0.0,0.0,1.0,Calm,1.0,1.0
1757245167.279753,0.0,0.0,0.0,0.0,1.0,Calm,1.0,1.0
1757245168.279673,0.0,0.0,0.0,0.0,1.0,Calm,1.0,1.0
1757245169.279558,0.0,0.0,0.0,0.0,1.0,Calm,1.0,1.0
1757245170.279855,0.0,0.0,0.0,0.0,1.0,Calm,1.0,1.0
1757250717.595656,0.0,0.0,0.0,0.0,1.0,Calm,1.0,1.0
1757250715.5998201,0.0,0.0,0.0,0.0,1.0,Calm,1.0,1.0
1757250719.594604,0.0,0.0,0.0,0.0,1.0,Calm,1.0,1.0
1757250718.5953,0.0,0.0,0.0,0.0,1.0,Calm,1.0,1.0
1757250716.596292,0.0,0.0,0.0,0.0,1.0,Calm,1.0,1.0
1757250720.594067,0.0,0.0,0.0,0.0,1.0,Calm,1.0,1.0
1757250721.5935931,0.0,0.0,0.0,0.0,1.0,Calm,1.0,1.0
1757250722.593131,0.0,0.0,0.0,0.0,1.0,Calm,1.0,1.0
1757250723.5927439,0.0,0.0,0.0,0.0,1.0,Calm,1.0,1.0
1757250724.5923629,0.0,0.0,0.0,0.0,1.0,Calm,1.0,1.0
1757250725.5920591,0.0,0.0,0.0,0.0,1.0,Calm,1.0,1.0
1757250726.591692,0.0,0.0,0.0,0.0,1.0,Calm,1.0,1.0
1757250727.59132,0.0,0.0,0.0,0.0,1.0,Calm,1.0,1.0
1757250728.591061,0.0,0.0,0.0,0.0,1.0,Calm,1.0,1.0
1757250729.592266,0.0,0.0,0.0,0.0,1.0,Calm,1.0,1.0
1757250730.590594,0.0,0.0,0.0,0.0,1.0,Calm,1.0,1.0
1757250731.590417,0.0,0.0,0.0,0.0,1.0,Calm,1.0,1.0
1757250732.5900822,0.0,0.0,0.0,0.0,1.0,Calm,1.0,1.0
1757250733.589849,0.0,0.0,0.0,0.0,1.0,Calm,1.0,1.0
1757250734.589783,0.0,0.0,0.0,0.0,1.0,Calm,1.0,1.0
1757250735.589648,0.0,0.0,0.0,0.0,1.0,Calm,1.0,1.0
1757250736.589287,0.0,0.0,0.0,0.0,1.0,Calm,1.0,1.0
1757250737.589148,0.0,0.0,0.0,0.0,1.0,Calm,1.0,1.0
1757250738.588984,0.0,0.0,0.0,0.0,1.0,Calm,1.0,1.0
1757250739.588875,0.0,0.0,0.0,0.0,1.0,Calm,1.0,1.0
1757250740.588739,0.0,0.0,0.0,0.0,1.0,Calm,1.0,1.0
1757250742.58854,0.0,0.0,0.0,0.0,1.0,Calm,1.0,1.0
1757250741.588633,0.0,0.0,0.0,0.0,1.0,Calm,1.0,1.0
1757250743.588496,0.0,0.0,0.0,0.0,1.0,Calm,1.0,1.0
1757250744.588416,0.0,0.0,0.0,0.0,1.0,Calm,1.0,1.0
1757250747.5880852,0.0,0.0,0.0,0.0,1.0,Calm,1.0,1.0
1757250748.587996,0.0,0.0,0.0,0.0,1.0,Calm,1.0,1.0
1757250745.588263,0.0,0.0,0.0,0.0,1.0,Calm,1.0,1.0
1757250749.587984,0.0,0.0,0.0,0.0,1.0,Calm,1.0,1.0
1757250750.587954,0.0,0.0,0.0,0.0,1.0,Calm,1.0,1.0
1757250751.587847,0.0,0.0,0.0,0.0,1.0,Calm,1.0,1.0
1757250752.58777,0.0,0.0,0.0,0.0,1.0,Calm,1.0,1.0
1757250753.5876698,0.0,0.0,0.0,0.0,1.0,Calm,1.0,1.0
1757250754.5877619,0.0,0.0,0.0,0.0,1.0,Calm,1.0,1.0
1757250755.587713,0.0,0.0,0.0,0.0,1.0,Calm,1.0,1.0
1757250756.5876079,0.0,0.0,0.0,0.0,1.0,Calm,1.0,1.0
1757250757.587616,0.0,0.0,0.0,0.0,1.0,Calm,1.0,1.0
1757250758.587658,0.0,0.0,0.0,0.0,1.0,Calm,1.0,1.0
1757251606.249774,0.0,1.0,0.0,0.0,0.0,Happy,1.0,1.0
1757251607.2498322,0.0,1.0,0.0,0.0,0.0,Happy,1.0,1.0
1757251608.250009,0.0,1.0,0.0,0.0,0.0,Happy,1.0,1.0
1757251609.249669,0.0,1.0,0.0,0.0,0.0,Happy,1.0,1.0
1757251610.249408,0.0,1.0,0.0,0.0,0.0,Happy,1.0,1.0
1757251611.249532,0.0,1.0,0.0,0.0,0.0,Happy,1.0,1.0
1757251612.249714,0.0,1.0,0.0,0.0,0.0,Happy,1.0,1.0
1757251613.249806,0.0,1.0,0.0,0.0,0.0,Happy,1.0,1.0
1757251614.249819,1.0,0.0,0.0,0.0,0.0,Excited,1.0,1.0
1757251615.2489371,1.0,0.0,0.0,0.0,0.0,Excited,1.0,1.0
1757251616.249757,5.908978529196527e-32,1.0,0.0,0.0,0.0,Happy,1.0,1.0
1757251617.249786,0.0,1.0,0.0,0.0,0.0,Happy,1.0,1.0
1757251618.249778,1.0,0.0,0.0,0.0,0.0,Excited,1.0,1.0
1757251619.249742,1.0,0.0,0.0,0.0,0.0,Excited,1.0,1.0
1757251620.2498121,1.0,0.0,0.0,0.0,0.0,Excited,1.0,1.0
1757251621.2498121,1.0,0.0,0.0,0.0,0.0,Excited,1.0,1.0
1757251622.249871,1.0,0.0,0.0,0.0,0.0,Excited,1.0,1.0
1757251623.2498112,1.0,0.0,0.0,0.0,0.0,Excited,1.0,1.0
1757251624.2498531,1.0,0.0,0.0,0.0,0.0,Excited,1.0,1.0
1757251625.249852,1.0,0.0,0.0,0.0,0.0,Excited,1.0,1.0
1757251626.249868,1.0,0.0,0.0,0.0,0.0,Excited,1.0,1.0
1757251627.250004,1.0,0.0,0.0,0.0,0.0,Excited,1.0,1.0
1757251628.2498941,1.0,0.0,0.0,0.0,0.0,Excited,1.0,1.0
1757251629.249868,1.0,0.0,0.0,0.0,0.0,Excited,1.0,1.0
1757251630.24986,1.0,0.0,0.0,0.0,0.0,Excited,1.0,1.0
1757251631.249916,1.0,0.0,0.0,0.0,0.0,Excited,1.0,1.0
1757251988.547885,0.0004818251763936132,0.17969748377799988,0.0002080366393784061,4.6411154471570626e-05,0.8195662498474121,Calm,0.819566,1.0
1757251989.541579,0.000460862327599898,0.17950278520584106,0.00020106625743210316,4.5723547373199835e-05,0.8197895884513855,Calm,0.81979,1.0
1757251990.5389771,0.00045216630678623915,0.18159736692905426,0.00020220247097313404,4.751495725940913e-05,0.8177007436752319,Calm,0.817701,1.0
1757251991.5365539,0.0004347380017861724,0.18780145049095154,0.00019692331261467189,4.792008985532448e-05,0.8115189671516418,Calm,0.811519,1.0
1757251992.5343041,0.00045346617116592824,0.19088782370090485,0.00019842045730911195,4.969650035491213e-05,0.8084105849266052,Calm,0.808411,1.0
1757251993.532079,0.0004551141173578799,0.1895819902420044,0.00018848148465622216,4.963597530149855e-05,0.809724748134613,Calm,0.809725,1.0
1757251994.530147,0.00045172974932938814,0.18261492252349854,0.00017943198326975107,5.05976022395771e-05,0.8167033195495605,Calm,0.816703,1.0
1757251995.527841,0.0004648856120184064,0.1873367726802826,0.00018267739505972713,5.1042527047684416e-05,0.8119646310806274,Calm,0.811965,1.0
1757251996.526473,0.0004781783791258931,0.19578641653060913,0.00018776010256260633,5.0637358071981e-05,0.8034970164299011,Calm,0.803497,1.0
1757251997.5248609,0.00046804442536085844,0.19981297850608826,0.00018455715326126665,4.927645932184532e-05,0.7994851469993591,Calm,0.799485,1.0
1757251998.523395,0.00047532119788229465,0.2095528393983841,0.00019240406982135028,4.8491267079953104e-05,0.789730966091156,Calm,0.789731,1.0
1757251999.5220962,0.0005044215940870345,0.22231899201869965,0.00020021294767502695,4.90068705403246e-05,0.7769273519515991,Calm,0.776927,1.0
1757258992.544642,0.000515078951139003,0.2288963794708252,0.0001961479865713045,4.732412344310433e-05,0.7703450918197632,Calm,0.770345,1.0
1757258993.543532,0.000547027331776917,0.2339412271976471,0.0001989702577702701,4.658007310354151e-05,0.7652661800384521,Calm,0.765266,1.0
1757258994.542924,0.0005455859936773777,0.23413985967636108,0.00019667837477754802,4.537172571872361e-05,0.7650725245475769,Calm,0.765073,1.0
1757258995.542764,0.0005764059606008232,0.23877505958080292,0.0002048033638857305,4.403370257932693e-05,0.7603996992111206,Calm,0.7604,1.0
1757258996.541904,0.0005625145859085023,0.23540382087230682,0.00020093431521672755,4.230950798955746e-05,0.7637904286384583,Calm,0.76379,1.0
1757258997.541141,0.0005704686627723277,0.239713653922081,0.00021303811809048057,4.114176408620551e-05,0.7594617009162903,Calm,0.759462,1.0
1757258998.540802,0.0006090421229600906,0.2494446337223053,0.00022914087458048016,3.895987174473703e-05,0.7496782541275024,Calm,0.749678,1.0
1757258999.540361,0.0006091538816690445,0.26262202858924866,0.00022653918131254613,3.6963763704989105e-05,0.7365053296089172,Calm,0.736505,1.0
1757259000.540022,0.0006255537737160921,0.26817333698272705,0.00022928400721866637,3.7351881474023685e-05,0.7309345006942749,Calm,0.730935,1.0
1757259001.539573,0.0006171254208311439,0.2743585705757141,0.00022633932530879974,3.703089532791637e-05,0.7247609496116638,Calm,0.724761,1.0
1757259002.539207,0.0006266417331062257,0.2831544578075409,0.00022425423958338797,3.698641012306325e-05,0.7159576416015625,Calm,0.715958,1.0
1757259003.538972,0.0006724070990458131,0.2822304368019104,0.00022618290677201003,3.639148417278193e-05,0.7168346047401428,Calm,0.716835,1.0
1757259004.5386639,0.000775073713157326,0.28133824467658997,0.0002495729422662407,3.6407975130714476e-05,0.7176007032394409,Calm,0.717601,1.0
1757259005.538302,0.0008751389104872942,0.2900380492210388,0.0002589139330666512,3.457276034168899e-05,0.7087933421134949,Calm,0.708793,1.0
1757259006.569604,0.0009872607188299298,0.3000146746635437,0.0002682383928913623,3.432338053244166e-05,0.6986954808235168,Calm,0.698695,1.0
1757259007.5377731,0.0009990254184231162,0.3116590976715088,0.00026522809639573097,3.26777299051173e-05,0.6870439648628235,Calm,0.687044,1.0
1757259008.537606,0.0009860072750598192,0.3339077830314636,0.0002618532453197986,3.469545845291577e-05,0.6648096442222595,Calm,0.66481,1.0
1757259009.537044,0.001008922583423555,0.33421221375465393,0.0002530740457586944,3.78296899725683e-05,0.6644879579544067,Calm,0.664488,1.0
1757259333.9933848,0.6436862349510193,0.12983164191246033,0.023588715121150017,0.06593593955039978,0.13695746660232544,Excited,0.643686,1.0
1757259334.993706,0.6342100501060486,0.1425299346446991,0.025483695790171623,0.06346927583217621,0.13430704176425934,Excited,0.63421,1.0
1757259335.9937239,0.621692955493927,0.1593644767999649,0.025528788566589355,0.05761696770787239,0.13579685986042023,Excited,0.621693,1.0
1757259336.99375,0.6168273091316223,0.15767057240009308,0.024697277694940567,0.057899825274944305,0.1429050713777542,Excited,0.616827,1.0
1757259337.993802,0.6048844456672668,0.1588277518749237,0.022846536710858345,0.057368822395801544,0.15607251226902008,Excited,0.604884,1.0
1757259338.99385,0.5968683958053589,0.15070363879203796,0.022361215204000473,0.059688128530979156,0.1703786551952362,Excited,0.596868,1.0
1757259340.993785,0.6039547324180603,0.15860390663146973,0.024395328015089035,0.06397415697574615,0.14907190203666687,Excited,0.603955,1.0
1757259339.993612,0.613418459892273,0.14684082567691803,0.02468176931142807,0.06665190309286118,0.14840710163116455,Excited,0.613418,1.0
1757259341.994122,0.6209639310836792,0.15716904401779175,0.027532432228326797,0.06338709592819214,0.130947545170784,Excited,0.620964,1.0
1757259342.993846,0.634340763092041,0.15253812074661255,0.02835320308804512,0.061606816947460175,0.12316115200519562,Excited,0.634341,1.0
